{
  "tests": [
    {
      "name": "Desenvolvedor - Atributos",
      "setup": "",
      "run": "mvn test -DargLine=\"-Dfile.encoding=UTF-8\" -Dtest=\\DesenvolvedorTest\\$AtributosTest",
      "input": "",
      "output": "",
      "comparison": "exact",
      "timeout": 10,
      "points": 1
    },
    {
      "name": "Desenvolvedor - Métodos",
      "setup": "",
      "run": "mvn test -DargLine=\"-Dfile.encoding=UTF-8\" -Dtest=\\DesenvolvedorTest\\$MetodosTest",
      "input": "",
      "output": "",
      "comparison": "exact",
      "timeout": 10,
      "points": 1
    },
    {
      "name": "Desenvolvedor - Encapsulamento",
      "setup": "",
      "run": "mvn test -DargLine=\"-Dfile.encoding=UTF-8\" -Dtest=\\DesenvolvedorTest\\$EncapsulamentoTest",
      "input": "",
      "output": "",
      "comparison": "exact",
      "timeout": 10,
      "points": 1
    },
    {
      "name": "Desenvolvedor - Método - calcularSalario",
      "setup": "",
      "run": "mvn test -DargLine=\"-Dfile.encoding=UTF-8\" -Dtest=\\DesenvolvedorTest\\$MetodoCalcularSalarioTest",
      "input": "",
      "output": "",
      "comparison": "exact",
      "timeout": 10,
      "points": 1
    },
    {
      "name": "Desenvolvedor Web - Atributos",
      "setup": "",
      "run": "mvn test -DargLine=\"-Dfile.encoding=UTF-8\" -Dtest=\\DesenvolvedorWebTest\\$AtributosTest",
      "input": "",
      "output": "",
      "comparison": "exact",
      "timeout": 10,
      "points": 1
    },
    {
      "name": "Desenvolvedor Web - Métodos",
      "setup": "",
      "run": "mvn test -DargLine=\"-Dfile.encoding=UTF-8\" -Dtest=\\DesenvolvedorWebTest\\$MetodosTest",
      "input": "",
      "output": "",
      "comparison": "exact",
      "timeout": 10,
      "points": 1
    },
    {
      "name": "Desenvolvedor Web - Encapsulamento",
      "setup": "",
      "run": "mvn test -DargLine=\"-Dfile.encoding=UTF-8\" -Dtest=\\DesenvolvedorWebTest\\$EncapsulamentoTest",
      "input": "",
      "output": "",
      "comparison": "exact",
      "timeout": 10,
      "points": 1
    },
    {
      "name": "Desenvolvedor Web - Método - calcularSalario",
      "setup": "",
      "run": "mvn test -DargLine=\"-Dfile.encoding=UTF-8\" -Dtest=\\DesenvolvedorWebTest\\$MetodoCalcularSalarioTest",
      "input": "",
      "output": "",
      "comparison": "exact",
      "timeout": 10,
      "points": 1
    },
    {
      "name": "Desenvolvedor Mobile - Atributos",
      "setup": "",
      "run": "mvn test -DargLine=\"-Dfile.encoding=UTF-8\" -Dtest=\\DesenvolvedorMobileTest\\$AtributosTest",
      "input": "",
      "output": "",
      "comparison": "exact",
      "timeout": 10,
      "points": 1
    },
    {
      "name": "Desenvolvedor Mobile - Métodos",
      "setup": "",
      "run": "mvn test -DargLine=\"-Dfile.encoding=UTF-8\" -Dtest=\\DesenvolvedorMobileTest\\$MetodosTest",
      "input": "",
      "output": "",
      "comparison": "exact",
      "timeout": 10,
      "points": 1
    },
    {
      "name": "Desenvolvedor Mobile - Encapsulamento",
      "setup": "",
      "run": "mvn test -DargLine=\"-Dfile.encoding=UTF-8\" -Dtest=\\DesenvolvedorMobileTest\\$EncapsulamentoTest",
      "input": "",
      "output": "",
      "comparison": "exact",
      "timeout": 10,
      "points": 1
    },
    {
      "name": "Desenvolvedor Mobile - Método - calcularSalario",
      "setup": "",
      "run": "mvn test -DargLine=\"-Dfile.encoding=UTF-8\" -Dtest=\\DesenvolvedorMobileTest\\$MetodoCalcularSalarioTest",
      "input": "",
      "output": "",
      "comparison": "exact",
      "timeout": 10,
      "points": 1
    },
    {
      "name": "Consultoria - Atributos",
      "setup": "",
      "run": "mvn test -DargLine=\"-Dfile.encoding=UTF-8\" -Dtest=\\ConsultoriaTest\\$AtributosTest",
      "input": "",
      "output": "",
      "comparison": "exact",
      "timeout": 10,
      "points": 1
    },
    {
      "name": "Consultoria - Métodos",
      "setup": "",
      "run": "mvn test -DargLine=\"-Dfile.encoding=UTF-8\" -Dtest=\\ConsultoriaTest\\$MetodosTest",
      "input": "",
      "output": "",
      "comparison": "exact",
      "timeout": 10,
      "points": 1
    },
    {
      "name": "Consultoria - Encapsulamento",
      "setup": "",
      "run": "mvn test -DargLine=\"-Dfile.encoding=UTF-8\" -Dtest=\\ConsultoriaTest\\$EncapsulamentoTest",
      "input": "",
      "output": "",
      "comparison": "exact",
      "timeout": 10,
      "points": 1
    },
    {
      "name": "Consultoria - Método - contratar",
      "setup": "",
      "run": "mvn test -DargLine=\"-Dfile.encoding=UTF-8\" -Dtest=\\ConsultoriaTest\\$MetodoContratarTest",
      "input": "",
      "output": "",
      "comparison": "exact",
      "timeout": 10,
      "points": 1
    },
    {
      "name": "Consultoria - Método - contratarFullstack",
      "setup": "",
      "run": "mvn test -DargLine=\"-Dfile.encoding=UTF-8\" -Dtest=\\ConsultoriaTest\\$MetodoContratarFullstackTest",
      "input": "",
      "output": "",
      "comparison": "exact",
      "timeout": 10,
      "points": 1
    },
    {
      "name": "Consultoria - Método - getTotalSalarios",
      "setup": "",
      "run": "mvn test -DargLine=\"-Dfile.encoding=UTF-8\" -Dtest=\\ConsultoriaTest\\$MetodoGetTotalSalariosTest",
      "input": "",
      "output": "",
      "comparison": "exact",
      "timeout": 10,
      "points": 1
    },
    {
      "name": "Consultoria - Método - qtdDesenvolvedoresMobile",
      "setup": "",
      "run": "mvn test -DargLine=\"-Dfile.encoding=UTF-8\" -Dtest=\\ConsultoriaTest\\$MetodoGetDesenvolvedoresMobileTest",
      "input": "",
      "output": "",
      "comparison": "exact",
      "timeout": 10,
      "points": 1
    },
    {
      "name": "Consultoria - Método - buscarPorSalarioMaiorQue",
      "setup": "",
      "run": "mvn test -DargLine=\"-Dfile.encoding=UTF-8\" -Dtest=\\ConsultoriaTest\\$MetodoBuscarSalarioMaiorQueTest",
      "input": "",
      "output": "",
      "comparison": "exact",
      "timeout": 10,
      "points": 1
    },
    {
      "name": "Consultoria - Método - buscarMenorSalario",
      "setup": "",
      "run": "mvn test -DargLine=\"-Dfile.encoding=UTF-8\" -Dtest=\\ConsultoriaTest\\$MetodoBuscarMenorSalarioTest",
      "input": "",
      "output": "",
      "comparison": "exact",
      "timeout": 10,
      "points": 1
    },
    {
      "name": "Consultoria - Método - buscarPorTecnologia",
      "setup": "",
      "run": "mvn test -DargLine=\"-Dfile.encoding=UTF-8\" -Dtest=\\ConsultoriaTest\\$MetodoBuscarPorTecnologiaTest",
      "input": "",
      "output": "",
      "comparison": "exact",
      "timeout": 10,
      "points": 1
    },
    {
      "name": "Consultoria - Método - getTotalSalariosPorTecnologia",
      "setup": "",
      "run": "mvn test -DargLine=\"-Dfile.encoding=UTF-8\" -Dtest=\\ConsultoriaTest\\$MetodoGetTotalSalariosPorTecnologiaTest",
      "input": "",
      "output": "",
      "comparison": "exact",
      "timeout": 10,
      "points": 1
    }
  ]
}