{
  "tests": [
    {
      "name": "Produto - Testes",
      "setup": "",
      "run": "mvn test -DargLine=\"-Dfile.encoding=UTF-8\" -Dtest=\\ProdutoTest",
      "input": "",
      "output": "",
      "comparison": "exact",
      "timeout": 10,
      "points": 2
    },
    {
      "name": "Carrinho - Atributos",
      "setup": "",
      "run": "mvn test -DargLine=\"-Dfile.encoding=UTF-8\" -Dtest=\\CarrinhoTest\\$AtributosTests",
      "input": "",
      "output": "",
      "comparison": "exact",
      "timeout": 10,
      "points": 1
    },
    {
      "name": "Carrinho - Métodos",
      "setup": "",
      "run": "mvn test -DargLine=\"-Dfile.encoding=UTF-8\" -Dtest=\\CarrinhoTest\\$MetodosTests",
      "input": "",
      "output": "",
      "comparison": "exact",
      "timeout": 10,
      "points": 1
    },
    {
      "name": "Carrinho - Encapsulamento",
      "setup": "",
      "run": "mvn test -DargLine=\"-Dfile.encoding=UTF-8\" -Dtest=\\CarrinhoTest\\$EncapsulamentoTests",
      "input": "",
      "output": "",
      "comparison": "exact",
      "timeout": 10,
      "points": 1
    },
    {
      "name": "Carrinho - Método getQuatidade",
      "setup": "",
      "run": "mvn test -DargLine=\"-Dfile.encoding=UTF-8\" -Dtest=\\CarrinhoTest\\$MetodoGetQuantidadeTests",
      "input": "",
      "output": "",
      "comparison": "exact",
      "timeout": 10,
      "points": 1
    },
    {
      "name": "Carrinho - Método adicionar",
      "setup": "",
      "run": "mvn test -DargLine=\"-Dfile.encoding=UTF-8\" -Dtest=\\CarrinhoTest\\$MetodoAdicionarTests",
      "input": "",
      "output": "",
      "comparison": "exact",
      "timeout": 10,
      "points": 1
    },
    {
      "name": "Carrinho - Método existsPorNome",
      "setup": "",
      "run": "mvn test -DargLine=\"-Dfile.encoding=UTF-8\" -Dtest=\\CarrinhoTest\\$MetodoExistsPorNomeTests",
      "input": "",
      "output": "",
      "comparison": "exact",
      "timeout": 10,
      "points": 1
    },
    {
      "name": "Carrinho - Método getQuantidadePorCategoria",
      "setup": "",
      "run": "mvn test -DargLine=\"-Dfile.encoding=UTF-8\" -Dtest=\\CarrinhoTest\\$MetodoGetQuantidadePorCategoriaTests",
      "input": "",
      "output": "",
      "comparison": "exact",
      "timeout": 10,
      "points": 1
    },
    {
      "name": "Carrinho - Método limpar",
      "setup": "",
      "run": "mvn test -DargLine=\"-Dfile.encoding=UTF-8\" -Dtest=\\CarrinhoTest\\$MetodoLimparTests",
      "input": "",
      "output": "",
      "comparison": "exact",
      "timeout": 10,
      "points": 1
    },
    {
      "name": "Carrinho - Método removerPorNome",
      "setup": "",
      "run": "mvn test -DargLine=\"-Dfile.encoding=UTF-8\" -Dtest=\\CarrinhoTest\\$MetodoRemoverPorNomeTests",
      "input": "",
      "output": "",
      "comparison": "exact",
      "timeout": 10,
      "points": 1
    },
    {
      "name": "Carrinho - Método getPorNome",
      "setup": "",
      "run": "mvn test -DargLine=\"-Dfile.encoding=UTF-8\" -Dtest=\\CarrinhoTest\\$MetodoGetPorNomeTests",
      "input": "",
      "output": "",
      "comparison": "exact",
      "timeout": 10,
      "points": 1
    },
    {
      "name": "Carrinho - Método getValorTotal",
      "setup": "",
      "run": "mvn test -DargLine=\"-Dfile.encoding=UTF-8\" -Dtest=\\CarrinhoTest\\$MetodoGetValorTotalTests",
      "input": "",
      "output": "",
      "comparison": "exact",
      "timeout": 10,
      "points": 1
    }
  ]
}